coordinate_set,filtering,matching_method,tolerance_mm,donor_id,donor_api_id,n_samples_evaluated,n_DLPFC_L,n_Caudate_L,n_Caudate_R,has_DLPFC_Caudate_pair
original_mni,unconstrained,exact_euclidean_sphere,not_applicable,H0351.2001,9861,946,0,0,0,False
original_mni,unconstrained,abagen_voxel_atlas,0,H0351.2001,9861,946,0,0,0,False
original_mni,unconstrained,abagen_voxel_atlas,2,H0351.2001,9861,946,0,1,0,False
original_mni,hemisphere_and_structure,exact_euclidean_sphere,not_applicable,H0351.2001,9861,896,0,0,0,False
original_mni,hemisphere_and_structure,abagen_voxel_atlas,0,H0351.2001,9861,896,0,0,0,False
original_mni,hemisphere_and_structure,abagen_voxel_atlas,2,H0351.2001,9861,896,0,1,0,False
corrected_mni,unconstrained,exact_euclidean_sphere,not_applicable,H0351.2001,9861,946,0,0,0,False
corrected_mni,unconstrained,abagen_voxel_atlas,0,H0351.2001,9861,946,0,0,0,False
corrected_mni,unconstrained,abagen_voxel_atlas,2,H0351.2001,9861,946,0,0,0,False
corrected_mni,hemisphere_and_structure,exact_euclidean_sphere,not_applicable,H0351.2001,9861,904,0,0,0,False
corrected_mni,hemisphere_and_structure,abagen_voxel_atlas,0,H0351.2001,9861,904,0,0,0,False
corrected_mni,hemisphere_and_structure,abagen_voxel_atlas,2,H0351.2001,9861,904,0,0,0,False
original_mni,unconstrained,exact_euclidean_sphere,not_applicable,H0351.2002,10021,893,0,0,0,False
original_mni,unconstrained,abagen_voxel_atlas,0,H0351.2002,10021,893,0,0,0,False
original_mni,unconstrained,abagen_voxel_atlas,2,H0351.2002,10021,893,0,0,0,False
original_mni,hemisphere_and_structure,exact_euclidean_sphere,not_applicable,H0351.2002,10021,842,0,0,0,False
original_mni,hemisphere_and_structure,abagen_voxel_atlas,0,H0351.2002,10021,842,0,0,0,False
original_mni,hemisphere_and_structure,abagen_voxel_atlas,2,H0351.2002,10021,842,0,0,0,False
corrected_mni,unconstrained,exact_euclidean_sphere,not_applicable,H0351.2002,10021,893,0,0,0,False
corrected_mni,unconstrained,abagen_voxel_atlas,0,H0351.2002,10021,893,0,0,0,False
corrected_mni,unconstrained,abagen_voxel_atlas,2,H0351.2002,10021,893,0,0,0,False
corrected_mni,hemisphere_and_structure,exact_euclidean_sphere,not_applicable,H0351.2002,10021,845,0,0,0,False
corrected_mni,hemisphere_and_structure,abagen_voxel_atlas,0,H0351.2002,10021,845,0,0,0,False
corrected_mni,hemisphere_and_structure,abagen_voxel_atlas,2,H0351.2002,10021,845,0,0,0,False
original_mni,unconstrained,exact_euclidean_sphere,not_applicable,H0351.1009,12876,363,0,1,0,False
original_mni,unconstrained,abagen_voxel_atlas,0,H0351.1009,12876,363,0,0,0,False
original_mni,unconstrained,abagen_voxel_atlas,2,H0351.1009,12876,363,0,2,0,False
original_mni,hemisphere_and_structure,exact_euclidean_sphere,not_applicable,H0351.1009,12876,353,0,1,0,False
original_mni,hemisphere_and_structure,abagen_voxel_atlas,0,H0351.1009,12876,353,0,0,0,False
original_mni,hemisphere_and_structure,abagen_voxel_atlas,2,H0351.1009,12876,353,0,2,0,False
corrected_mni,unconstrained,exact_euclidean_sphere,not_applicable,H0351.1009,12876,363,0,0,0,False
corrected_mni,unconstrained,abagen_voxel_atlas,0,H0351.1009,12876,363,0,0,0,False
corrected_mni,unconstrained,abagen_voxel_atlas,2,H0351.1009,12876,363,0,1,0,False
corrected_mni,hemisphere_and_structure,exact_euclidean_sphere,not_applicable,H0351.1009,12876,353,0,0,0,False
corrected_mni,hemisphere_and_structure,abagen_voxel_atlas,0,H0351.1009,12876,353,0,0,0,False
corrected_mni,hemisphere_and_structure,abagen_voxel_atlas,2,H0351.1009,12876,353,0,1,0,False
original_mni,unconstrained,exact_euclidean_sphere,not_applicable,H0351.1012,14380,529,0,0,0,False
original_mni,unconstrained,abagen_voxel_atlas,0,H0351.1012,14380,529,0,0,0,False
original_mni,unconstrained,abagen_voxel_atlas,2,H0351.1012,14380,529,0,1,0,False
original_mni,hemisphere_and_structure,exact_euclidean_sphere,not_applicable,H0351.1012,14380,518,0,0,0,False
original_mni,hemisphere_and_structure,abagen_voxel_atlas,0,H0351.1012,14380,518,0,0,0,False
original_mni,hemisphere_and_structure,abagen_voxel_atlas,2,H0351.1012,14380,518,0,1,0,False
corrected_mni,unconstrained,exact_euclidean_sphere,not_applicable,H0351.1012,14380,529,0,0,0,False
corrected_mni,unconstrained,abagen_voxel_atlas,0,H0351.1012,14380,529,0,0,0,False
corrected_mni,unconstrained,abagen_voxel_atlas,2,H0351.1012,14380,529,0,0,0,False
corrected_mni,hemisphere_and_structure,exact_euclidean_sphere,not_applicable,H0351.1012,14380,513,0,0,0,False
corrected_mni,hemisphere_and_structure,abagen_voxel_atlas,0,H0351.1012,14380,513,0,0,0,False
corrected_mni,hemisphere_and_structure,abagen_voxel_atlas,2,H0351.1012,14380,513,0,0,0,False
original_mni,unconstrained,exact_euclidean_sphere,not_applicable,H0351.1015,15496,470,0,0,0,False
original_mni,unconstrained,abagen_voxel_atlas,0,H0351.1015,15496,470,0,0,0,False
original_mni,unconstrained,abagen_voxel_atlas,2,H0351.1015,15496,470,0,0,0,False
original_mni,hemisphere_and_structure,exact_euclidean_sphere,not_applicable,H0351.1015,15496,436,0,0,0,False
original_mni,hemisphere_and_structure,abagen_voxel_atlas,0,H0351.1015,15496,436,0,0,0,False
original_mni,hemisphere_and_structure,abagen_voxel_atlas,2,H0351.1015,15496,436,0,0,0,False
corrected_mni,unconstrained,exact_euclidean_sphere,not_applicable,H0351.1015,15496,470,0,0,0,False
corrected_mni,unconstrained,abagen_voxel_atlas,0,H0351.1015,15496,470,0,0,0,False
corrected_mni,unconstrained,abagen_voxel_atlas,2,H0351.1015,15496,470,0,0,0,False
corrected_mni,hemisphere_and_structure,exact_euclidean_sphere,not_applicable,H0351.1015,15496,437,0,0,0,False
corrected_mni,hemisphere_and_structure,abagen_voxel_atlas,0,H0351.1015,15496,437,0,0,0,False
corrected_mni,hemisphere_and_structure,abagen_voxel_atlas,2,H0351.1015,15496,437,0,0,0,False
original_mni,unconstrained,exact_euclidean_sphere,not_applicable,H0351.1016,15697,501,0,0,0,False
original_mni,unconstrained,abagen_voxel_atlas,0,H0351.1016,15697,501,0,0,0,False
original_mni,unconstrained,abagen_voxel_atlas,2,H0351.1016,15697,501,0,0,0,False
original_mni,hemisphere_and_structure,exact_euclidean_sphere,not_applicable,H0351.1016,15697,415,0,0,0,False
original_mni,hemisphere_and_structure,abagen_voxel_atlas,0,H0351.1016,15697,415,0,0,0,False
original_mni,hemisphere_and_structure,abagen_voxel_atlas,2,H0351.1016,15697,415,0,0,0,False
corrected_mni,unconstrained,exact_euclidean_sphere,not_applicable,H0351.1016,15697,501,0,0,0,False
corrected_mni,unconstrained,abagen_voxel_atlas,0,H0351.1016,15697,501,0,0,0,False
corrected_mni,unconstrained,abagen_voxel_atlas,2,H0351.1016,15697,501,0,0,0,False
corrected_mni,hemisphere_and_structure,exact_euclidean_sphere,not_applicable,H0351.1016,15697,414,0,0,0,False
corrected_mni,hemisphere_and_structure,abagen_voxel_atlas,0,H0351.1016,15697,414,0,0,0,False
corrected_mni,hemisphere_and_structure,abagen_voxel_atlas,2,H0351.1016,15697,414,0,0,0,False
