coordinate_set,donor_id,donor_api_id,roi_id,roi,hemisphere,seed_x,seed_y,seed_z,well_id,sample_x,sample_y,sample_z,distance_to_seed_mm,filtering
original_mni,H0351.2001,9861,1,DLPFC,L,-45,36,28,450,-46.4,30.7,20.7,9.129074432821763,unconstrained
original_mni,H0351.2001,9861,2,Caudate,L,-12,15,9,510,-13.0,16.8,11.8,3.4756294393965543,unconstrained
original_mni,H0351.2001,9861,3,Caudate,R,12,15,9,1209,14.3,12.3,13.3,5.5740470037487135,unconstrained
corrected_mni,H0351.2001,9861,1,DLPFC,L,-45,36,28,450,-45.2702110569192,31.9602312424922,16.9625828378956,11.756586376994568,unconstrained
corrected_mni,H0351.2001,9861,2,Caudate,L,-12,15,9,502,-13.0121116996361,19.7739343633844,9.57210624648292,4.913463641435383,unconstrained
corrected_mni,H0351.2001,9861,3,Caudate,R,12,15,9,1209,16.1342762795021,15.7421057475187,10.7148755633361,4.536932828848287,unconstrained
original_mni,H0351.2002,10021,1,DLPFC,L,-45,36,28,4697,-48.8,35.8,21.8,7.274613391789283,unconstrained
original_mni,H0351.2002,10021,2,Caudate,L,-12,15,9,4518,-12.6,19.4,2.2,8.12157620169878,unconstrained
original_mni,H0351.2002,10021,3,Caudate,R,12,15,9,4549,14.4,9.3,13.8,7.8287930104199335,unconstrained
corrected_mni,H0351.2002,10021,1,DLPFC,L,-45,36,28,4697,-46.9313961783879,35.2670369247244,17.923543546552,10.286034256497626,unconstrained
corrected_mni,H0351.2002,10021,2,Caudate,L,-12,15,9,4937,-9.53019882236412,5.0030438321374415,7.2513577527993505,10.444941368332891,unconstrained
corrected_mni,H0351.2002,10021,3,Caudate,R,12,15,9,4549,15.156092088011,8.23619506875589,10.9508114108247,7.714638006836849,unconstrained
original_mni,H0351.1009,12876,1,DLPFC,L,-45,36,28,11013,-50.0,30.0,37.0,11.916375287812984,unconstrained
original_mni,H0351.1009,12876,2,Caudate,L,-12,15,9,11333,-12.0,17.0,9.0,2.0,unconstrained
original_mni,H0351.1009,12876,3,Caudate,R,12,15,9,14017,-4.0,5.0,11.0,18.973665961010276,unconstrained
corrected_mni,H0351.1009,12876,1,DLPFC,L,-45,36,28,10988,-40.1189266841061,40.219851854349606,39.6656920480126,13.331181393516996,unconstrained
corrected_mni,H0351.1009,12876,2,Caudate,L,-12,15,9,11333,-11.9635382660374,13.8871761586917,11.557100790169196,2.788991002300231,unconstrained
corrected_mni,H0351.1009,12876,3,Caudate,R,12,15,9,14017,-1.07614186679253,3.53951784433564,12.8130263134168,17.800767034810452,unconstrained
original_mni,H0351.1012,14380,1,DLPFC,L,-45,36,28,126426569,-50.0,35.0,15.0,13.96424004376894,unconstrained
original_mni,H0351.1012,14380,2,Caudate,L,-12,15,9,126432214,-10.0,14.0,9.0,2.23606797749979,unconstrained
original_mni,H0351.1012,14380,3,Caudate,R,12,15,9,127687603,-3.0,3.0,9.0,19.209372712298546,unconstrained
corrected_mni,H0351.1012,14380,1,DLPFC,L,-45,36,28,126426569,-49.85918779059499,31.4129957352667,18.1147914367735,11.931875898090599,unconstrained
corrected_mni,H0351.1012,14380,2,Caudate,L,-12,15,9,126432214,-8.97702624550893,12.9996029479956,12.6534921772545,5.146645876225561,unconstrained
corrected_mni,H0351.1012,14380,3,Caudate,R,12,15,9,127687603,-3.31886811710356,4.20725574766903,8.55492636616185,18.74430952115796,unconstrained
original_mni,H0351.1015,15496,1,DLPFC,L,-45,36,28,127687005,-38.0,37.0,35.0,9.9498743710662,unconstrained
original_mni,H0351.1015,15496,2,Caudate,L,-12,15,9,139409885,-16.0,19.0,7.0,6.0,unconstrained
original_mni,H0351.1015,15496,3,Caudate,R,12,15,9,127687007,-4.0,20.0,20.0,20.049937655763422,unconstrained
corrected_mni,H0351.1015,15496,1,DLPFC,L,-45,36,28,127687005,-37.81324057085671,35.4874909350905,34.0465383740271,9.405998242747902,unconstrained
corrected_mni,H0351.1015,15496,2,Caudate,L,-12,15,9,139409885,-14.8323500048467,16.631508484221403,7.605276120215841,3.553769996057947,unconstrained
corrected_mni,H0351.1015,15496,3,Caudate,R,12,15,9,127687007,-1.89015069583014,18.9468573115965,22.9705909454962,20.09207257495736,unconstrained
original_mni,H0351.1016,15697,1,DLPFC,L,-45,36,28,157772950,-53.0,29.0,34.0,12.206555615733702,unconstrained
original_mni,H0351.1016,15697,2,Caudate,L,-12,15,9,159225898,-12.0,19.0,5.0,5.656854249492381,unconstrained
original_mni,H0351.1016,15697,3,Caudate,R,12,15,9,159439123,-5.0,19.0,-1.0,20.12461179749811,unconstrained
corrected_mni,H0351.1016,15697,1,DLPFC,L,-45,36,28,157772916,-47.999964461548,40.148494336265,19.146845280189,10.226834335290931,unconstrained
corrected_mni,H0351.1016,15697,2,Caudate,L,-12,15,9,157772860,-14.9759768630499,15.101639700983698,12.7531002202205,4.7908798963492645,unconstrained
corrected_mni,H0351.1016,15697,3,Caudate,R,12,15,9,158158227,-0.6392433778123371,23.235714909351,21.5341416846333,19.613316420282967,unconstrained
